CompetitionID,MatchID,MatchTypeID,MatchType,MatchStatus,MatchDate,MatchDateNew,MatchName,MatchTime,GMTMatchTime,GMTMatchDate,FirstBattingTeamID,FirstBattingTeamName,SecondBattingTeamID,SecondBattingTeamName,FirstBattingTeamCode,SecondBattingTeamCode,GroundID,GroundName,Commentss,TossTeam,TossDetails,TossText,Flag,FirstBattingSummary,SecondBattingSummary,ClientMatchID,MATCH_COMMENCE_START_DATE,city,FlickrAlbumID,LiveStream,FBURL,T20ProMatchID,Temperature,WeatherIcon,TempUpdatedDate,GroundUmpire1ID,GroundUmpire2ID,GroundUmpire3ID,RefereeID,HomeTeamID,HomeTeamName,AwayTeamID,AwayTeamName,timezone1,MatchEndDate,MatchEndTime,MatchTypeName,RowNo,GroundUmpire1,GroundUmpire2,ThirdUmpire,Comments,HomeTeamLogo,AwayTeamLogo,MatchHomeTeamLogo,MatchAwayTeamLogo,VideoScorecard,TimeZone,CurrentStrikerID,CurrentStrikerName,StrikerRuns,StrikerBalls,StrikerFours,StrikerSixes,StrikerSR,StrikerImage,CurrentNonStrikerID,CurrentNonStrikerName,NonStrikerRuns,NonStrikerBalls,NonStrikerFours,NonStrikerSixes,NonStrikerSR,NonStrikerImage,CurrentBowlerID,CurrentBowlerName,BowlerOvers,BowlerRuns,BowlerMaidens,BowlerWickets,BowlerEconomy,BowlerSR,BowlerImage,ChasingText,MatchBreakComments,MatchProgress,CurrentInnings,1Summary,1FallScore,1FallWickets,1FallOvers,1RunRate,2Summary,2FallScore,2FallWickets,2FallOvers,2RunRate,3Summary,3FallScore,3FallWickets,3FallOvers,3RunRate,4Summary,4FallScore,4FallWickets,4FallOvers,4RunRate,DivisionID,SecondInningsFirstBattingID,SecondInningsFirstBattingName,SecondInningsSecondBattingID,SecondInningsSecondBattingName,WinningTeamID,MatchOrder,RevisedOver,RevisedTarget,MatchRow
10010,10703,2,T20,Post,2018-05-27,27 May 2018,Chennai Super Kings VS Sunrisers Hyderabad,19:00,13:30 GMT,2018-05-27,20,Sunrisers Hyderabad,13,Chennai Super Kings,SRH,CSK,21,Wankhede Stadium,Chennai Super Kings won by 8 wickets,Sunrisers Hyderabad,,,0,170/0 (20.1 Ov),175/0 (18.3 Ov),7953,2018-05-27 19:00:00,Mumbai,,,,,,,,160,127,195,0,13,Chennai Super Kings,20,Sunrisers Hyderabad,Asia/Kolkata,27 May 2018,23:00,T20,60,Qaiser Waheed,Ashraf Din,NR Seetharam Prabhu,Chennai Super Kings won by 8 wickets,https://livescores-bccitv.epicon.in/ipl/teamlogos/ipl-srh.png,https://livescores-bccitv.epicon.in/ipl/teamlogos/ipl-csk.png,https://livescores-bccitv.epicon.in/ipl/teamlogos/ipl-csk.png,https://livescores-bccitv.epicon.in/ipl/teamlogos/ipl-srh.png,0,+9.5,,,0,0,0,0,0.00,,,,0,0,0,0,0.00,,,,0,0,0,0,0.00,0.00,,,,,2,178/6 (20 Overs),178,6,20,8.90,181/2 (18.3 Overs),181,2,18.3,9.78,,,,,,,,,,,,,,,,,60th  T20I,,,60
10010,10702,2,T20,Post,2018-05-25,25 May 2018,Sunrisers Hyderabad VS Kolkata Knight Riders,19:00,13:30 GMT,2018-05-25,20,Sunrisers Hyderabad,16,Kolkata Knight Riders,SRH,KKR,19,Eden Gardens,Sunrisers Hyderabad won by 14 runs,Kolkata Knight Riders,,,0,169/0 (20.0 Ov),157/0 (20.0 Ov),7952,2018-05-25 19:00:00,Kolkata,,,,,,,,163,120,208,0,20,Sunrisers Hyderabad,16,Kolkata Knight Riders,Asia/Kolkata,25 May 2018,23:00,T20,59,Sagara Gallage,TR Kashyappan,Zameer Haider,Sunrisers Hyderabad won by 14 runs,https://livescores-bccitv.epicon.in/ipl/teamlogos/ipl-srh.png,https://livescores-bccitv.epicon.in/ipl/teamlogos/ipl-kkr.png,https://livescores-bccitv.epicon.in/ipl/teamlogos/ipl-srh.png,https://livescores-bccitv.epicon.in/ipl/teamlogos/ipl-kkr.png,0,+9.5,,,0,0,0,0,0.00,,,,0,0,0,0,0.00,,,,0,0,0,0,0.00,0.00,,,,,2,174/7 (20 Overs),174,7,20,8.70,160/9 (20 Overs),160,9,20,8.00,,,,,,,,,,,,,,,,,59th  T20I,,,59
10010,10701,2,T20,Post,2018-05-23,23 May 2018,Kolkata Knight Riders VS Rajasthan Royals,19:00,13:30 GMT,2018-05-23,16,Kolkata Knight Riders,18,Rajasthan Royals,KKR,RR,19,Eden Gardens,Kolkata Knight Riders won by 25 runs,Rajasthan Royals,,,0,159/0 (20.1 Ov),143/0 (20.0 Ov),7951,2018-05-23 19:00:00,Kolkata,,,,,,,,163,122,208,0,16,Kolkata Knight Riders,18,Rajasthan Royals,Asia/Kolkata,23 May 2018,23:00,T20,58,Sagara Gallage,Mark Eggleston,Zameer Haider,Kolkata Knight Riders won by 25 runs,https://livescores-bccitv.epicon.in/ipl/teamlogos/ipl-kkr.png,https://livescores-bccitv.epicon.in/ipl/teamlogos/ipl-rr.png,https://livescores-bccitv.epicon.in/ipl/teamlogos/ipl-kkr.png,https://livescores-bccitv.epicon.in/ipl/teamlogos/ipl-rr.png,0,+9.5,,,0,0,0,0,0.00,,,,0,0,0,0,0.00,,,,0,0,0,0,0.00,0.00,,,,,2,169/7 (20 Overs),169,7,20,8.45,144/4 (20 Overs),144,4,20,7.20,,,,,,,,,,,,,,,,,58th  T20I,,,58
10010,10699,2,T20,Post,2018-05-22,22 May 2018,Sunrisers Hyderabad VS Chennai Super Kings,19:00,13:30 GMT,2018-05-22,20,Sunrisers Hyderabad,13,Chennai Super Kings,SRH,CSK,21,Wankhede Stadium,Chennai Super Kings won by 2 wickets,Chennai Super Kings,,,0,130/0 (20.0 Ov),135/0 (19.1 Ov),7950,2018-05-22 19:00:00,Mumbai,,,,,,,,160,170,195,0,20,Sunrisers Hyderabad,13,Chennai Super Kings,Asia/Kolkata,22 May 2018,23:00,T20,57,Qaiser Waheed,GJ Davidson,NR Seetharam Prabhu,Chennai Super Kings won by 2 wickets,https://livescores-bccitv.epicon.in/ipl/teamlogos/ipl-srh.png,https://livescores-bccitv.epicon.in/ipl/teamlogos/ipl-csk.png,https://livescores-bccitv.epicon.in/ipl/teamlogos/ipl-srh.png,https://livescores-bccitv.epicon.in/ipl/teamlogos/ipl-csk.png,0,+9.5,,,0,0,0,0,0.00,,,,0,0,0,0,0.00,,,,0,0,0,0,0.00,0.00,,,,,2,139/7 (20 Overs),139,7,20,6.95,140/8 (19.1 Overs),140,8,19.1,7.30,,,,,,,,,,,,,,,,,57th  T20I,,,57
10010,10698,2,T20,Post,2018-05-20,20 May 2018,Chennai Super Kings VS Punjab Kings,20:00,14:30 GMT,2018-05-20,15,Punjab Kings,13,Chennai Super Kings,PBKS,CSK,0,,Chennai Super Kings won by 5 wickets,Punjab Kings,,,0,142/0 (19.5 Ov),150/0 (19.2 Ov),7949,2018-05-20 20:00:00,Pune,,,,,,,,163,195,180,0,13,Chennai Super Kings,15,Punjab Kings,Asia/Kolkata,20 May 2018,23:00,T20,56,Sagara Gallage,NR Seetharam Prabhu,Sanjay Hazare,Chennai Super Kings won by 5 wickets,https://livescores-bccitv.epicon.in/ipl/teamlogos/pk.png,https://livescores-bccitv.epicon.in/ipl/teamlogos/ipl-csk.png,https://livescores-bccitv.epicon.in/ipl/teamlogos/ipl-csk.png,https://livescores-bccitv.epicon.in/ipl/teamlogos/pk.png,0,+9.5,,,0,0,0,0,0.00,,,,0,0,0,0,0.00,,,,0,0,0,0,0.00,0.00,,,,,2,153/10 (19.4 Overs),153,10,19.4,7.77,159/5 (19.1 Overs),159,5,19.1,8.29,,,,,,,,,,,,,,,,,56th  T20I,,,56
10010,10697,2,T20,Post,2018-05-20,20 May 2018,Delhi Daredevils VS Mumbai Indians,16:00,10:30 GMT,2018-05-20,14,Delhi Daredevils,17,Mumbai Indians,DD,MI,17,Arun Jaitley Stadium,Delhi Daredevils won by 11 runs,Mumbai Indians,,,0,162/0 (20.0 Ov),156/0 (19.3 Ov),7948,2018-05-20 16:00:00,Delhi,,,,,,,,120,184,171,0,14,Delhi Daredevils,17,Mumbai Indians,Asia/Kolkata,20 May 2018,23:00,T20,55,TR Kashyappan,Allahudien Paleker,Tanvir Ahmed,Delhi Daredevils won by 11 runs,https://scores.iplt20.com/ipl/teamlogos/DD.png,https://livescores-bccitv.epicon.in/ipl/teamlogos/ipl-mi.png,https://scores.iplt20.com/ipl/teamlogos/DD.png,https://livescores-bccitv.epicon.in/ipl/teamlogos/ipl-mi.png,0,+9.5,,,0,0,0,0,0.00,,,,0,0,0,0,0.00,,,,0,0,0,0,0.00,0.00,,,,,2,174/4 (20 Overs),174,4,20,8.70,163/10 (19.3 Overs),163,10,19.3,8.35,,,,,,,,,,,,,,,,,55th  T20I,,,55
10010,10696,2,T20,Post,2018-05-19,19 May 2018,Sunrisers Hyderabad VS Kolkata Knight Riders,20:00,14:30 GMT,2018-05-19,20,Sunrisers Hyderabad,16,Kolkata Knight Riders,SRH,KKR,72,Rajiv Gandhi Intl. Cricket Stadium,Kolkata Knight Riders won by 5 wickets,Kolkata Knight Riders,,,0,161/0 (20.1 Ov),166/0 (19.4 Ov),7947,2018-05-19 20:00:00,Hyderabad,,,,,,,,122,127,204,0,20,Sunrisers Hyderabad,16,Kolkata Knight Riders,Asia/Kolkata,19 May 2018,23:00,T20,54,Mark Eggleston,Ashraf Din,David Millns,Kolkata Knight Riders won by 5 wickets,https://livescores-bccitv.epicon.in/ipl/teamlogos/ipl-srh.png,https://livescores-bccitv.epicon.in/ipl/teamlogos/ipl-kkr.png,https://livescores-bccitv.epicon.in/ipl/teamlogos/ipl-srh.png,https://livescores-bccitv.epicon.in/ipl/teamlogos/ipl-kkr.png,0,+9.5,,,0,0,0,0,0.00,,,,0,0,0,0,0.00,,,,0,0,0,0,0.00,0.00,,,,,2,172/9 (20 Overs),172,9,20,8.60,173/5 (19.4 Overs),173,5,19.4,8.79,,,,,,,,,,,,,,,,,54th  T20I,,,54
10010,10695,2,T20,Post,2018-05-19,19 May 2018,Rajasthan Royals VS Royal Challengers Bangalore,16:00,10:30 GMT,2018-05-19,18,Rajasthan Royals,19,Royal Challengers Bangalore,RR,RCB,20,Sawai Mansingh Stadium,Rajasthan Royals won by 30 runs,Royal Challengers Bangalore,,,0,159/0 (20.0 Ov),131/0 (19.2 Ov),7946,2018-05-19 16:00:00,Jaipur,,,,,,,,138,206,205,0,18,Rajasthan Royals,19,Royal Challengers Bangalore,Asia/Kolkata,19 May 2018,23:00,T20,53,DJ Smith,Goaland Greaves,Johanes Cloete,Rajasthan Royals won by 30 runs,https://livescores-bccitv.epicon.in/ipl/teamlogos/ipl-rr.png,https://livescores-bccitv.epicon.in/ipl/teamlogos/ipl-rcb.png,https://livescores-bccitv.epicon.in/ipl/teamlogos/ipl-rr.png,https://livescores-bccitv.epicon.in/ipl/teamlogos/ipl-rcb.png,0,+9.5,,,0,0,0,0,0.00,,,,0,0,0,0,0.00,,,,0,0,0,0,0.00,0.00,,,,,2,164/5 (20 Overs),164,5,20,8.20,134/10 (19.2 Overs),134,10,19.2,6.93,,,,,,,,,,,,,,,,,53rd  T20I,,,53
10010,10694,2,T20,Post,2018-05-18,18 May 2018,Delhi Daredevils VS Chennai Super Kings,20:00,14:30 GMT,2018-05-18,14,Delhi Daredevils,13,Chennai Super Kings,DD,CSK,17,Arun Jaitley Stadium,Delhi Daredevils won by 34 runs,Chennai Super Kings,,,0,153/0 (20.0 Ov),126/0 (20.0 Ov),7945,2018-05-18 20:00:00,Delhi,,,,,,,,120,130,171,0,14,Delhi Daredevils,13,Chennai Super Kings,Asia/Kolkata,18 May 2018,23:00,T20,52,TR Kashyappan,Keith Coburn,Tanvir Ahmed,Delhi Daredevils won by 34 runs,https://scores.iplt20.com/ipl/teamlogos/DD.png,https://livescores-bccitv.epicon.in/ipl/teamlogos/ipl-csk.png,https://scores.iplt20.com/ipl/teamlogos/DD.png,https://livescores-bccitv.epicon.in/ipl/teamlogos/ipl-csk.png,0,+9.5,,,0,0,0,0,0.00,,,,0,0,0,0,0.00,,,,0,0,0,0,0.00,0.00,,,,,2,162/5 (20 Overs),162,5,20,8.10,128/6 (20 Overs),128,6,20,6.40,,,,,,,,,,,,,,,,,52nd  T20I,,,52
10010,10693,2,T20,Post,2018-05-17,17 May 2018,Royal Challengers Bangalore VS Sunrisers Hyderabad,20:00,14:30 GMT,2018-05-17,19,Royal Challengers Bangalore,20,Sunrisers Hyderabad,RCB,SRH,70,M. Chinnaswamy Stadium,Royal Challengers Bangalore won by 14 runs,Sunrisers Hyderabad,,,0,214/0 (20.0 Ov),199/0 (20.0 Ov),7944,2018-05-17 20:00:00,Bengaluru,,,,,,,,127,175,204,0,19,Royal Challengers Bangalore,20,Sunrisers Hyderabad,Asia/Kolkata,17 May 2018,23:00,T20,51,Ashraf Din,Buddhi Pradhan,David Millns,Royal Challengers Bangalore won by 14 runs,https://livescores-bccitv.epicon.in/ipl/teamlogos/ipl-rcb.png,https://livescores-bccitv.epicon.in/ipl/teamlogos/ipl-srh.png,https://livescores-bccitv.epicon.in/ipl/teamlogos/ipl-rcb.png,https://livescores-bccitv.epicon.in/ipl/teamlogos/ipl-srh.png,0,+9.5,,,0,0,0,0,0.00,,,,0,0,0,0,0.00,,,,0,0,0,0,0.00,0.00,,,,,2,218/6 (20 Overs),218,6,20,10.90,204/3 (20 Overs),204,3,20,10.20,,,,,,,,,,,,,,,,,51st T20I,,,51
10010,10692,2,T20,Post,2018-05-16,16 May 2018,Mumbai Indians VS Punjab Kings,20:00,14:30 GMT,2018-05-16,17,Mumbai Indians,15,Punjab Kings,MI,PBKS,21,Wankhede Stadium,Mumbai Indians won by 3 runs,Punjab Kings,,,0,175/0 (20.1 Ov),174/0 (20.0 Ov),7943,2018-05-16 20:00:00,Mumbai,,,,,,,,160,163,180,0,17,Mumbai Indians,15,Punjab Kings,Asia/Kolkata,16 May 2018,23:00,T20,50,Qaiser Waheed,Sagara Gallage,Sanjay Hazare,Mumbai Indians won by 3 runs,https://livescores-bccitv.epicon.in/ipl/teamlogos/ipl-mi.png,https://livescores-bccitv.epicon.in/ipl/teamlogos/pk.png,https://livescores-bccitv.epicon.in/ipl/teamlogos/ipl-mi.png,https://livescores-bccitv.epicon.in/ipl/teamlogos/pk.png,0,+9.5,,,0,0,0,0,0.00,,,,0,0,0,0,0.00,,,,0,0,0,0,0.00,0.00,,,,,2,186/8 (20 Overs),186,8,20,9.30,183/5 (20 Overs),183,5,20,9.15,,,,,,,,,,,,,,,,,50th  T20I,,,50
10010,10691,2,T20,Post,2018-05-15,15 May 2018,Kolkata Knight Riders VS Rajasthan Royals,20:00,14:30 GMT,2018-05-15,18,Rajasthan Royals,16,Kolkata Knight Riders,RR,KKR,19,Eden Gardens,Kolkata Knight Riders won by 6 wickets,Rajasthan Royals,,,0,140/0 (19.0 Ov),143/0 (18.0 Ov),7942,2018-05-15 20:00:00,Kolkata,,,,,,,,120,122,171,0,16,Kolkata Knight Riders,18,Rajasthan Royals,Asia/Kolkata,15 May 2018,23:00,T20,49,TR Kashyappan,Mark Eggleston,Tanvir Ahmed,Kolkata Knight Riders won by 6 wickets,https://livescores-bccitv.epicon.in/ipl/teamlogos/ipl-rr.png,https://livescores-bccitv.epicon.in/ipl/teamlogos/ipl-kkr.png,https://livescores-bccitv.epicon.in/ipl/teamlogos/ipl-kkr.png,https://livescores-bccitv.epicon.in/ipl/teamlogos/ipl-rr.png,0,+9.5,,,0,0,0,0,0.00,,,,0,0,0,0,0.00,,,,0,0,0,0,0.00,0.00,,,,,2,142/10 (19 Overs),142,10,19,7.47,145/4 (18 Overs),145,4,18,8.05,,,,,,,,,,,,,,,,,49th  T20I,,,49
10010,10690,2,T20,Post,2018-05-14,14 May 2018,Punjab Kings VS Royal Challengers Bangalore,20:00,14:30 GMT,2018-05-14,15,Punjab Kings,19,Royal Challengers Bangalore,PBKS,RCB,41,Holkar Cricket Stadium,Royal Challengers Bangalore won by 10 wickets,Royal Challengers Bangalore,,,0,83/0 (15.1 Ov),88/0 (8.2 Ov),7941,2018-05-14 20:00:00,Indore,,,,,,,,138,206,205,0,15,Punjab Kings,19,Royal Challengers Bangalore,Asia/Kolkata,14 May 2018,23:00,T20,48,DJ Smith,Goaland Greaves,Johanes Cloete,Royal Challengers Bangalore won by 10 wickets,https://livescores-bccitv.epicon.in/ipl/teamlogos/pk.png,https://livescores-bccitv.epicon.in/ipl/teamlogos/ipl-rcb.png,https://livescores-bccitv.epicon.in/ipl/teamlogos/pk.png,https://livescores-bccitv.epicon.in/ipl/teamlogos/ipl-rcb.png,0,+9.5,,,0,0,0,0,0.00,,,,0,0,0,0,0.00,,,,0,0,0,0,0.00,0.00,,,,,2,88/10 (15.1 Overs),88,10,15.1,5.80,92/0 (8.1 Overs),92,0,8.1,11.26,,,,,,,,,,,,,,,,,48th  T20I,,,48
10010,10689,2,T20,Post,2018-05-13,13 May 2018,Mumbai Indians VS Rajasthan Royals,20:00,14:30 GMT,2018-05-13,17,Mumbai Indians,18,Rajasthan Royals,MI,RR,21,Wankhede Stadium,Rajasthan Royals won by 7 wickets,Rajasthan Royals,,,0,159/0 (20.0 Ov),161/0 (18.0 Ov),7940,2018-05-13 20:00:00,Mumbai,,,,,,,,163,127,180,0,17,Mumbai Indians,18,Rajasthan Royals,Asia/Kolkata,13 May 2018,23:00,T20,47,Sagara Gallage,Ashraf Din,Sanjay Hazare,Rajasthan Royals won by 7 wickets,https://livescores-bccitv.epicon.in/ipl/teamlogos/ipl-mi.png,https://livescores-bccitv.epicon.in/ipl/teamlogos/ipl-rr.png,https://livescores-bccitv.epicon.in/ipl/teamlogos/ipl-mi.png,https://livescores-bccitv.epicon.in/ipl/teamlogos/ipl-rr.png,0,+9.5,,,0,0,0,0,0.00,,,,0,0,0,0,0.00,,,,0,0,0,0,0.00,0.00,,,,,2,168/6 (20 Overs),168,6,20,8.40,171/3 (18 Overs),171,3,18,9.50,,,,,,,,,,,,,,,,,47th  T20I,,,47
10010,10688,2,T20,Post,2018-05-13,13 May 2018,Chennai Super Kings VS Sunrisers Hyderabad,16:00,10:30 GMT,2018-05-13,20,Sunrisers Hyderabad,13,Chennai Super Kings,SRH,CSK,0,,Chennai Super Kings won by 8 wickets,Sunrisers Hyderabad,,,0,166/0 (20.0 Ov),179/0 (19.0 Ov),7939,2018-05-13 16:00:00,Pune,,,,,,,,160,195,204,0,13,Chennai Super Kings,20,Sunrisers Hyderabad,Asia/Kolkata,13 May 2018,23:00,T20,46,Qaiser Waheed,NR Seetharam Prabhu,David Millns,Chennai Super Kings won by 8 wickets,https://livescores-bccitv.epicon.in/ipl/teamlogos/ipl-srh.png,https://livescores-bccitv.epicon.in/ipl/teamlogos/ipl-csk.png,https://livescores-bccitv.epicon.in/ipl/teamlogos/ipl-csk.png,https://livescores-bccitv.epicon.in/ipl/teamlogos/ipl-srh.png,0,+9.5,,,0,0,0,0,0.00,,,,0,0,0,0,0.00,,,,0,0,0,0,0.00,0.00,,,,,2,179/4 (20 Overs),179,4,20,8.95,180/2 (19 Overs),180,2,19,9.47,,,,,,,,,,,,,,,,,46th  T20I,,,46
10010,10687,2,T20,Post,2018-05-12,12 May 2018,Delhi Daredevils VS Royal Challengers Bangalore,20:00,14:30 GMT,2018-05-12,14,Delhi Daredevils,19,Royal Challengers Bangalore,DD,RCB,17,Arun Jaitley Stadium,Royal Challengers Bangalore won by 5 wickets,Royal Challengers Bangalore,,,0,174/0 (20.1 Ov),176/0 (19.0 Ov),7938,2018-05-12 20:00:00,Delhi,,,,,,,,120,122,171,0,14,Delhi Daredevils,19,Royal Challengers Bangalore,Asia/Kolkata,12 May 2018,23:00,T20,45,TR Kashyappan,Mark Eggleston,Tanvir Ahmed,Royal Challengers Bangalore won by 5 wickets,https://scores.iplt20.com/ipl/teamlogos/DD.png,https://livescores-bccitv.epicon.in/ipl/teamlogos/ipl-rcb.png,https://scores.iplt20.com/ipl/teamlogos/DD.png,https://livescores-bccitv.epicon.in/ipl/teamlogos/ipl-rcb.png,0,+9.5,,,0,0,0,0,0.00,,,,0,0,0,0,0.00,,,,0,0,0,0,0.00,0.00,,,,,2,181/4 (20 Overs),181,4,20,9.05,187/5 (19 Overs),187,5,19,9.84,,,,,,,,,,,,,,,,,45th  T20I,,,45
10010,10686,2,T20,Post,2018-05-12,12 May 2018,Punjab Kings VS Kolkata Knight Riders,16:00,10:30 GMT,2018-05-12,16,Kolkata Knight Riders,15,Punjab Kings,KKR,PBKS,41,Holkar Cricket Stadium,Kolkata Knight Riders won by 31 runs,Kolkata Knight Riders,,,0,240/0 (20.0 Ov),207/0 (20.0 Ov),7937,2018-05-12 16:00:00,Indore,,,,,,,,184,206,205,0,15,Punjab Kings,16,Kolkata Knight Riders,Asia/Kolkata,12 May 2018,23:00,T20,44,Allahudien Paleker,Goaland Greaves,Johanes Cloete,Kolkata Knight Riders won by 31 runs,https://livescores-bccitv.epicon.in/ipl/teamlogos/ipl-kkr.png,https://livescores-bccitv.epicon.in/ipl/teamlogos/pk.png,https://livescores-bccitv.epicon.in/ipl/teamlogos/pk.png,https://livescores-bccitv.epicon.in/ipl/teamlogos/ipl-kkr.png,0,+9.5,,,0,0,0,0,0.00,,,,0,0,0,0,0.00,,,,0,0,0,0,0.00,0.00,,,,,2,245/6 (20 Overs),245,6,20,12.25,214/8 (20 Overs),214,8,20,10.70,,,,,,,,,,,,,,,,,44th  T20I,,,44
10010,10685,2,T20,Post,2018-05-11,11 May 2018,Rajasthan Royals VS Chennai Super Kings,20:00,14:30 GMT,2018-05-11,13,Chennai Super Kings,18,Rajasthan Royals,CSK,RR,20,Sawai Mansingh Stadium,Rajasthan Royals won by 4 wickets,Chennai Super Kings,,,0,164/0 (20.1 Ov),174/0 (19.5 Ov),7936,2018-05-11 20:00:00,Jaipur,,,,,,,,160,195,200,0,18,Rajasthan Royals,13,Chennai Super Kings,Asia/Kolkata,11 May 2018,23:00,T20,43,Qaiser Waheed,NR Seetharam Prabhu,Eric Young,Rajasthan Royals won by 4 wickets,https://livescores-bccitv.epicon.in/ipl/teamlogos/ipl-csk.png,https://livescores-bccitv.epicon.in/ipl/teamlogos/ipl-rr.png,https://livescores-bccitv.epicon.in/ipl/teamlogos/ipl-rr.png,https://livescores-bccitv.epicon.in/ipl/teamlogos/ipl-csk.png,0,+9.5,,,0,0,0,0,0.00,,,,0,0,0,0,0.00,,,,0,0,0,0,0.00,0.00,,,,,2,176/4 (20 Overs),176,4,20,8.80,177/6 (19.5 Overs),177,6,19.5,8.92,,,,,,,,,,,,,,,,,43rd  T20I,,,43
10010,10684,2,T20,Post,2018-05-10,10 May 2018,Delhi Daredevils VS Sunrisers Hyderabad,20:00,14:30 GMT,2018-05-10,14,Delhi Daredevils,20,Sunrisers Hyderabad,DD,SRH,17,Arun Jaitley Stadium,Sunrisers Hyderabad won by 9 wickets,Sunrisers Hyderabad,,,0,184/0 (20.0 Ov),189/0 (18.5 Ov),7935,2018-05-10 20:00:00,Delhi,,,,,,,,170,175,204,0,14,Delhi Daredevils,20,Sunrisers Hyderabad,Asia/Kolkata,10 May 2018,23:00,T20,42,GJ Davidson,Buddhi Pradhan,David Millns,Sunrisers Hyderabad won by 9 wickets,https://scores.iplt20.com/ipl/teamlogos/DD.png,https://livescores-bccitv.epicon.in/ipl/teamlogos/ipl-srh.png,https://scores.iplt20.com/ipl/teamlogos/DD.png,https://livescores-bccitv.epicon.in/ipl/teamlogos/ipl-srh.png,0,+9.5,,,0,0,0,0,0.00,,,,0,0,0,0,0.00,,,,0,0,0,0,0.00,0.00,,,,,2,187/5 (20 Overs),187,5,20,9.35,191/1 (18.5 Overs),191,1,18.5,10.14,,,,,,,,,,,,,,,,,42nd  T20I,,,42
10010,10683,2,T20,Post,2018-05-09,9 May 2018,Kolkata Knight Riders VS Mumbai Indians,20:00,14:30 GMT,2018-05-09,17,Mumbai Indians,16,Kolkata Knight Riders,MI,KKR,19,Eden Gardens,Mumbai Indians won by 102 runs,Mumbai Indians,,,0,203/0 (20.1 Ov),107/0 (18.1 Ov),7934,2018-05-09 20:00:00,Kolkata,,,,,,,,122,203,176,0,16,Kolkata Knight Riders,17,Mumbai Indians,Asia/Kolkata,9 May 2018,23:00,T20,41,Mark Eggleston,Anisur Rahman,Sunil Chaturvedi,Mumbai Indians won by 102 runs,https://livescores-bccitv.epicon.in/ipl/teamlogos/ipl-mi.png,https://livescores-bccitv.epicon.in/ipl/teamlogos/ipl-kkr.png,https://livescores-bccitv.epicon.in/ipl/teamlogos/ipl-kkr.png,https://livescores-bccitv.epicon.in/ipl/teamlogos/ipl-mi.png,0,+9.5,,,0,0,0,0,0.00,,,,0,0,0,0,0.00,,,,0,0,0,0,0.00,0.00,,,,,2,210/6 (20 Overs),210,6,20,10.50,108/10 (18.1 Overs),108,10,18.1,5.94,,,,,,,,,,,,,,,,,41st T20I,,,41
10010,10682,2,T20,Post,2018-05-08,8 May 2018,Rajasthan Royals VS Punjab Kings,20:00,14:30 GMT,2018-05-08,18,Rajasthan Royals,15,Punjab Kings,RR,PBKS,20,Sawai Mansingh Stadium,Rajasthan Royals won by 15 runs,Punjab Kings,,,0,155/0 (20.1 Ov),136/0 (20.1 Ov),7933,2018-05-08 20:00:00,Jaipur,,,,,,,,160,163,200,0,18,Rajasthan Royals,15,Punjab Kings,Asia/Kolkata,8 May 2018,23:00,T20,40,Qaiser Waheed,Sagara Gallage,Eric Young,Rajasthan Royals won by 15 runs,https://livescores-bccitv.epicon.in/ipl/teamlogos/ipl-rr.png,https://livescores-bccitv.epicon.in/ipl/teamlogos/pk.png,https://livescores-bccitv.epicon.in/ipl/teamlogos/ipl-rr.png,https://livescores-bccitv.epicon.in/ipl/teamlogos/pk.png,0,+9.5,,,0,0,0,0,0.00,,,,0,0,0,0,0.00,,,,0,0,0,0,0.00,0.00,,,,,2,158/8 (20 Overs),158,8,20,7.90,143/7 (20 Overs),143,7,20,7.15,,,,,,,,,,,,,,,,,40th  T20I,,,40
10010,10681,2,T20,Post,2018-05-07,7 May 2018,Sunrisers Hyderabad VS Royal Challengers Bangalore,20:00,14:30 GMT,2018-05-07,20,Sunrisers Hyderabad,19,Royal Challengers Bangalore,SRH,RCB,72,Rajiv Gandhi Intl. Cricket Stadium,Sunrisers Hyderabad won by 5 runs,Royal Challengers Bangalore,,,0,137/0 (20.1 Ov),136/0 (20.0 Ov),7932,2018-05-07 20:00:00,Hyderabad,,,,,,,,138,206,205,0,20,Sunrisers Hyderabad,19,Royal Challengers Bangalore,Asia/Kolkata,7 May 2018,23:00,T20,39,DJ Smith,Goaland Greaves,Johanes Cloete,Sunrisers Hyderabad won by 5 runs,https://livescores-bccitv.epicon.in/ipl/teamlogos/ipl-srh.png,https://livescores-bccitv.epicon.in/ipl/teamlogos/ipl-rcb.png,https://livescores-bccitv.epicon.in/ipl/teamlogos/ipl-srh.png,https://livescores-bccitv.epicon.in/ipl/teamlogos/ipl-rcb.png,0,+9.5,,,0,0,0,0,0.00,,,,0,0,0,0,0.00,,,,0,0,0,0,0.00,0.00,,,,,2,146/10 (20 Overs),146,10,20,7.30,141/6 (20 Overs),141,6,20,7.05,,,,,,,,,,,,,,,,,39th  T20I,,,39
10010,10680,2,T20,Post,2018-05-06,6 May 2018,Punjab Kings VS Rajasthan Royals,20:00,14:30 GMT,2018-05-06,18,Rajasthan Royals,15,Punjab Kings,RR,PBKS,41,Holkar Cricket Stadium,Punjab Kings won by 6 wickets,Rajasthan Royals,,,0,144/0 (20.0 Ov),148/0 (17.5 Ov),7931,2018-05-06 20:00:00,Indore,,,,,,,,170,127,204,0,15,Punjab Kings,18,Rajasthan Royals,Asia/Kolkata,6 May 2018,23:00,T20,38,GJ Davidson,Ashraf Din,David Millns,Punjab Kings won by 6 wickets,https://livescores-bccitv.epicon.in/ipl/teamlogos/ipl-rr.png,https://livescores-bccitv.epicon.in/ipl/teamlogos/pk.png,https://livescores-bccitv.epicon.in/ipl/teamlogos/pk.png,https://livescores-bccitv.epicon.in/ipl/teamlogos/ipl-rr.png,0,+9.5,,,0,0,0,0,0.00,,,,0,0,0,0,0.00,,,,0,0,0,0,0.00,0.00,,,,,2,152/9 (20 Overs),152,9,20,7.60,155/4 (18.4 Overs),155,4,18.4,8.30,,,,,,,,,,,,,,,,,38th  T20I,,,38
10010,10679,2,T20,Post,2018-05-06,6 May 2018,Mumbai Indians VS Kolkata Knight Riders,16:00,10:30 GMT,2018-05-06,17,Mumbai Indians,16,Kolkata Knight Riders,MI,KKR,21,Wankhede Stadium,Mumbai Indians won by 13 runs,Kolkata Knight Riders,,,0,175/0 (20.0 Ov),159/0 (20.0 Ov),7930,2018-05-06 16:00:00,Mumbai,,,,,,,,120,201,176,0,17,Mumbai Indians,16,Kolkata Knight Riders,Asia/Kolkata,6 May 2018,23:00,T20,37,TR Kashyappan,Bart Hartong,Sunil Chaturvedi,Mumbai Indians won by 13 runs,https://livescores-bccitv.epicon.in/ipl/teamlogos/ipl-mi.png,https://livescores-bccitv.epicon.in/ipl/teamlogos/ipl-kkr.png,https://livescores-bccitv.epicon.in/ipl/teamlogos/ipl-mi.png,https://livescores-bccitv.epicon.in/ipl/teamlogos/ipl-kkr.png,0,+9.5,,,0,0,0,0,0.00,,,,0,0,0,0,0.00,,,,0,0,0,0,0.00,0.00,,,,,2,181/4 (20 Overs),181,4,20,9.05,168/6 (20 Overs),168,6,20,8.40,,,,,,,,,,,,,,,,,37th  T20I,,,37
10010,10678,2,T20,Post,2018-05-05,5 May 2018,Sunrisers Hyderabad VS Delhi Daredevils,20:00,14:30 GMT,2018-05-05,14,Delhi Daredevils,20,Sunrisers Hyderabad,DD,SRH,72,Rajiv Gandhi Intl. Cricket Stadium,Sunrisers Hyderabad won by 7 wickets,Delhi Daredevils,,,0,160/0 (20.0 Ov),158/0 (20.0 Ov),7929,2018-05-05 20:00:00,Hyderabad,,,,,,,,138,184,205,0,20,Sunrisers Hyderabad,14,Delhi Daredevils,Asia/Kolkata,5 May 2018,23:00,T20,36,DJ Smith,Allahudien Paleker,Johanes Cloete,Sunrisers Hyderabad won by 7 wickets,https://scores.iplt20.com/ipl/teamlogos/DD.png,https://livescores-bccitv.epicon.in/ipl/teamlogos/ipl-srh.png,https://livescores-bccitv.epicon.in/ipl/teamlogos/ipl-srh.png,https://scores.iplt20.com/ipl/teamlogos/DD.png,0,+9.5,,,0,0,0,0,0.00,,,,0,0,0,0,0.00,,,,0,0,0,0,0.00,0.00,,,,,2,163/5 (20 Overs),163,5,20,8.15,164/3 (19.5 Overs),164,3,19.5,8.26,,,,,,,,,,,,,,,,,36th  T20I,,,36
10010,10677,2,T20,Post,2018-05-05,5 May 2018,Chennai Super Kings VS Royal Challengers Bangalore,16:00,10:30 GMT,2018-05-05,19,Royal Challengers Bangalore,13,Chennai Super Kings,RCB,CSK,0,,Chennai Super Kings won by 6 wickets,Royal Challengers Bangalore,,,0,123/0 (20.0 Ov),121/0 (18.1 Ov),7928,2018-05-05 16:00:00,Pune,,,,,,,,163,195,200,0,13,Chennai Super Kings,19,Royal Challengers Bangalore,Asia/Kolkata,5 May 2018,23:00,T20,35,Sagara Gallage,NR Seetharam Prabhu,Eric Young,Chennai Super Kings won by 6 wickets,https://livescores-bccitv.epicon.in/ipl/teamlogos/ipl-rcb.png,https://livescores-bccitv.epicon.in/ipl/teamlogos/ipl-csk.png,https://livescores-bccitv.epicon.in/ipl/teamlogos/ipl-csk.png,https://livescores-bccitv.epicon.in/ipl/teamlogos/ipl-rcb.png,0,+9.5,,,0,0,0,0,0.00,,,,0,0,0,0,0.00,,,,0,0,0,0,0.00,0.00,,,,,2,127/9 (20 Overs),127,9,20,6.35,128/4 (18 Overs),128,4,18,7.11,,,,,,,,,,,,,,,,,35th  T20I,,,35
10010,10676,2,T20,Post,2018-05-04,4 May 2018,Punjab Kings VS Mumbai Indians,20:00,14:30 GMT,2018-05-04,15,Punjab Kings,17,Mumbai Indians,PBKS,MI,41,Holkar Cricket Stadium,Mumbai Indians won by 6 wickets,Mumbai Indians,,,0,164/0 (20.0 Ov),170/0 (19.0 Ov),7927,2018-05-04 20:00:00,Indore,,,,,,,,127,175,204,0,15,Punjab Kings,17,Mumbai Indians,Asia/Kolkata,4 May 2018,23:00,T20,34,Ashraf Din,Buddhi Pradhan,David Millns,Mumbai Indians won by 6 wickets,https://livescores-bccitv.epicon.in/ipl/teamlogos/pk.png,https://livescores-bccitv.epicon.in/ipl/teamlogos/ipl-mi.png,https://livescores-bccitv.epicon.in/ipl/teamlogos/pk.png,https://livescores-bccitv.epicon.in/ipl/teamlogos/ipl-mi.png,0,+9.5,,,0,0,0,0,0.00,,,,0,0,0,0,0.00,,,,0,0,0,0,0.00,0.00,,,,,2,174/6 (20 Overs),174,6,20,8.70,176/4 (19 Overs),176,4,19,9.26,,,,,,,,,,,,,,,,,34th  T20I,,,34
10010,10675,2,T20,Post,2018-05-03,3 May 2018,Kolkata Knight Riders VS Chennai Super Kings,20:00,14:30 GMT,2018-05-03,13,Chennai Super Kings,16,Kolkata Knight Riders,CSK,KKR,19,Eden Gardens,Kolkata Knight Riders won by 6 wickets,Chennai Super Kings,,,0,170/0 (20.0 Ov),168/0 (17.4 Ov),7926,2018-05-03 20:00:00,Kolkata,,,,,,,,120,201,176,0,16,Kolkata Knight Riders,13,Chennai Super Kings,Asia/Kolkata,3 May 2018,23:00,T20,33,TR Kashyappan,Bart Hartong,Sunil Chaturvedi,Kolkata Knight Riders won by 6 wickets,https://livescores-bccitv.epicon.in/ipl/teamlogos/ipl-csk.png,https://livescores-bccitv.epicon.in/ipl/teamlogos/ipl-kkr.png,https://livescores-bccitv.epicon.in/ipl/teamlogos/ipl-kkr.png,https://livescores-bccitv.epicon.in/ipl/teamlogos/ipl-csk.png,0,+9.5,,,0,0,0,0,0.00,,,,0,0,0,0,0.00,,,,0,0,0,0,0.00,0.00,,,,,2,177/5 (20 Overs),177,5,20,8.85,180/4 (17.4 Overs),180,4,17.4,10.18,,,,,,,,,,,,,,,,,33rd  T20I,,,33
10010,10674,2,T20,Post,2018-05-02,2 May 2018,Delhi Daredevils VS Rajasthan Royals,20:00,14:30 GMT,2018-05-02,14,Delhi Daredevils,18,Rajasthan Royals,DD,RR,17,Arun Jaitley Stadium,Delhi Daredevils won by 4 runs (DLS Method),Rajasthan Royals,,,0,189/0 (17.1 Ov),142/0 (12.0 Ov),7925,2018-05-02 20:00:00,Delhi,,,,,,,,184,206,205,0,14,Delhi Daredevils,18,Rajasthan Royals,Asia/Kolkata,2 May 2018,23:00,T20,32,Allahudien Paleker,Goaland Greaves,Johanes Cloete,Delhi Daredevils won by 4 runs (DLS Method),https://scores.iplt20.com/ipl/teamlogos/DD.png,https://livescores-bccitv.epicon.in/ipl/teamlogos/ipl-rr.png,https://scores.iplt20.com/ipl/teamlogos/DD.png,https://livescores-bccitv.epicon.in/ipl/teamlogos/ipl-rr.png,0,+9.5,,,0,0,0,0,0.00,,,,0,0,0,0,0.00,,,,0,0,0,0,0.00,0.00,,,,,2,196/6 (17.1 Overs),196,6,17.1,11.41,146/5 (12 Overs),146,5,12,12.16,,,,,,,,,,,,,,,,,32nd  T20I,,,32
10010,10673,2,T20,Post,2018-05-01,1 May 2018,Royal Challengers Bangalore VS Mumbai Indians,20:00,14:30 GMT,2018-05-01,19,Royal Challengers Bangalore,17,Mumbai Indians,RCB,MI,70,M. Chinnaswamy Stadium,Royal Challengers Bangalore won by 14 runs,Mumbai Indians,,,0,161/0 (20.2 Ov),130/0 (20.0 Ov),7924,2018-05-01 20:00:00,Bengaluru,,,,,,,,160,163,200,0,19,Royal Challengers Bangalore,17,Mumbai Indians,Asia/Kolkata,1 May 2018,23:00,T20,31,Qaiser Waheed,Sagara Gallage,Eric Young,Royal Challengers Bangalore won by 14 runs,https://livescores-bccitv.epicon.in/ipl/teamlogos/ipl-rcb.png,https://livescores-bccitv.epicon.in/ipl/teamlogos/ipl-mi.png,https://livescores-bccitv.epicon.in/ipl/teamlogos/ipl-rcb.png,https://livescores-bccitv.epicon.in/ipl/teamlogos/ipl-mi.png,0,+9.5,,,0,0,0,0,0.00,,,,0,0,0,0,0.00,,,,0,0,0,0,0.00,0.00,,,,,2,167/7 (20 Overs),167,7,20,8.35,153/7 (20 Overs),153,7,20,7.65,,,,,,,,,,,,,,,,,31st T20I,,,31
10010,10672,2,T20,Post,2018-04-30,30 Apr 2018,Chennai Super Kings VS Delhi Daredevils,20:00,14:30 GMT,2018-04-30,13,Chennai Super Kings,14,Delhi Daredevils,CSK,DD,0,,Chennai Super Kings won by 13 runs,Delhi Daredevils,,,0,204/0 (20.1 Ov),190/0 (20.0 Ov),7923,2018-04-30 20:00:00,Pune,,,,,,,,170,175,204,0,13,Chennai Super Kings,14,Delhi Daredevils,Asia/Kolkata,30 Apr 2018,23:00,T20,30,GJ Davidson,Buddhi Pradhan,David Millns,Chennai Super Kings won by 13 runs,https://livescores-bccitv.epicon.in/ipl/teamlogos/ipl-csk.png,https://scores.iplt20.com/ipl/teamlogos/DD.png,https://livescores-bccitv.epicon.in/ipl/teamlogos/ipl-csk.png,https://scores.iplt20.com/ipl/teamlogos/DD.png,0,+9.5,,,0,0,0,0,0.00,,,,0,0,0,0,0.00,,,,0,0,0,0,0.00,0.00,,,,,2,211/4 (20 Overs),211,4,20,10.55,198/5 (20 Overs),198,5,20,9.90,,,,,,,,,,,,,,,,,30th  T20I,,,30
10010,10671,2,T20,Post,2018-04-29,29 Apr 2018,Royal Challengers Bangalore VS Kolkata Knight Riders,20:00,14:30 GMT,2018-04-29,19,Royal Challengers Bangalore,16,Kolkata Knight Riders,RCB,KKR,70,M. Chinnaswamy Stadium,Kolkata Knight Riders won by 6 wickets,Kolkata Knight Riders,,,0,165/0 (20.0 Ov),168/0 (19.1 Ov),7922,2018-04-29 20:00:00,Bengaluru,,,,,,,,168,122,176,0,19,Royal Challengers Bangalore,16,Kolkata Knight Riders,Asia/Kolkata,29 Apr 2018,23:00,T20,29,Narendra Dave,Mark Eggleston,Sunil Chaturvedi,Kolkata Knight Riders won by 6 wickets,https://livescores-bccitv.epicon.in/ipl/teamlogos/ipl-rcb.png,https://livescores-bccitv.epicon.in/ipl/teamlogos/ipl-kkr.png,https://livescores-bccitv.epicon.in/ipl/teamlogos/ipl-rcb.png,https://livescores-bccitv.epicon.in/ipl/teamlogos/ipl-kkr.png,0,+9.5,,,0,0,0,0,0.00,,,,0,0,0,0,0.00,,,,0,0,0,0,0.00,0.00,,,,,2,175/4 (20 Overs),175,4,20,8.75,176/4 (19.1 Overs),176,4,19.1,9.18,,,,,,,,,,,,,,,,,29th  T20I,,,29
10010,10670,2,T20,Post,2018-04-29,29 Apr 2018,Rajasthan Royals VS Sunrisers Hyderabad,16:00,10:30 GMT,2018-04-29,20,Sunrisers Hyderabad,18,Rajasthan Royals,SRH,RR,20,Sawai Mansingh Stadium,Sunrisers Hyderabad won by 11 runs,Sunrisers Hyderabad,,,0,150/0 (20.0 Ov),139/0 (20.0 Ov),7921,2018-04-29 16:00:00,Jaipur,,,,,,,,138,185,205,0,18,Rajasthan Royals,20,Sunrisers Hyderabad,Asia/Kolkata,29 Apr 2018,23:00,T20,28,DJ Smith,Prem Mishra,Johanes Cloete,Sunrisers Hyderabad won by 11 runs,https://livescores-bccitv.epicon.in/ipl/teamlogos/ipl-srh.png,https://livescores-bccitv.epicon.in/ipl/teamlogos/ipl-rr.png,https://livescores-bccitv.epicon.in/ipl/teamlogos/ipl-rr.png,https://livescores-bccitv.epicon.in/ipl/teamlogos/ipl-srh.png,0,+9.5,,,0,0,0,0,0.00,,,,0,0,0,0,0.00,,,,0,0,0,0,0.00,0.00,,,,,2,151/7 (20 Overs),151,7,20,7.55,140/6 (20 Overs),140,6,20,7.00,,,,,,,,,,,,,,,,,28th  T20I,,,28
10010,10669,2,T20,Post,2018-04-28,28 Apr 2018,Chennai Super Kings VS Mumbai Indians,20:00,14:30 GMT,2018-04-28,13,Chennai Super Kings,17,Mumbai Indians,CSK,MI,0,,Mumbai Indians won by 8 wickets,Mumbai Indians,,,0,162/0 (20.0 Ov),160/0 (19.4 Ov),7920,2018-04-28 20:00:00,Pune,,,,,,,,183,163,204,0,13,Chennai Super Kings,17,Mumbai Indians,Asia/Kolkata,28 Apr 2018,23:00,T20,27,Jeff Evans,Sagara Gallage,David Millns,Mumbai Indians won by 8 wickets,https://livescores-bccitv.epicon.in/ipl/teamlogos/ipl-csk.png,https://livescores-bccitv.epicon.in/ipl/teamlogos/ipl-mi.png,https://livescores-bccitv.epicon.in/ipl/teamlogos/ipl-csk.png,https://livescores-bccitv.epicon.in/ipl/teamlogos/ipl-mi.png,0,+9.5,,,0,0,0,0,0.00,,,,0,0,0,0,0.00,,,,0,0,0,0,0.00,0.00,,,,,2,169/5 (20 Overs),169,5,20,8.45,170/2 (19.4 Overs),170,2,19.4,8.64,,,,,,,,,,,,,,,,,27th  T20I,,,27
10010,10668,2,T20,Post,2018-04-27,27 Apr 2018,Delhi Daredevils VS Kolkata Knight Riders,20:00,14:30 GMT,2018-04-27,14,Delhi Daredevils,16,Kolkata Knight Riders,DD,KKR,17,Arun Jaitley Stadium,Delhi Daredevils won by 55 runs,Kolkata Knight Riders,,,0,215/0 (20.1 Ov),160/0 (20.0 Ov),7919,2018-04-27 20:00:00,Delhi,,,,,,,,170,127,180,0,14,Delhi Daredevils,16,Kolkata Knight Riders,Asia/Kolkata,27 Apr 2018,23:00,T20,26,GJ Davidson,Ashraf Din,Sanjay Hazare,Delhi Daredevils won by 55 runs,https://scores.iplt20.com/ipl/teamlogos/DD.png,https://livescores-bccitv.epicon.in/ipl/teamlogos/ipl-kkr.png,https://scores.iplt20.com/ipl/teamlogos/DD.png,https://livescores-bccitv.epicon.in/ipl/teamlogos/ipl-kkr.png,0,+9.5,,,0,0,0,0,0.00,,,,0,0,0,0,0.00,,,,0,0,0,0,0.00,0.00,,,,,2,219/4 (20 Overs),219,4,20,10.95,164/9 (20 Overs),164,9,20,8.20,,,,,,,,,,,,,,,,,26th  T20I,,,26
10010,10667,2,T20,Post,2018-04-26,26 Apr 2018,Sunrisers Hyderabad VS Punjab Kings,20:00,14:30 GMT,2018-04-26,20,Sunrisers Hyderabad,15,Punjab Kings,SRH,PBKS,72,Rajiv Gandhi Intl. Cricket Stadium,Sunrisers Hyderabad won by 13 runs,Punjab Kings,,,0,124/0 (20.1 Ov),117/0 (19.2 Ov),7918,2018-04-26 20:00:00,Hyderabad,,,,,,,,184,195,205,0,20,Sunrisers Hyderabad,15,Punjab Kings,Asia/Kolkata,26 Apr 2018,23:00,T20,25,Allahudien Paleker,NR Seetharam Prabhu,Johanes Cloete,Sunrisers Hyderabad won by 13 runs,https://livescores-bccitv.epicon.in/ipl/teamlogos/ipl-srh.png,https://livescores-bccitv.epicon.in/ipl/teamlogos/pk.png,https://livescores-bccitv.epicon.in/ipl/teamlogos/ipl-srh.png,https://livescores-bccitv.epicon.in/ipl/teamlogos/pk.png,0,+9.5,,,0,0,0,0,0.00,,,,0,0,0,0,0.00,,,,0,0,0,0,0.00,0.00,,,,,2,132/6 (20 Overs),132,6,20,6.60,119/10 (19.2 Overs),119,10,19.2,6.15,,,,,,,,,,,,,,,,,25th  T20I,,,25
10010,10666,2,T20,Post,2018-04-25,25 Apr 2018,Royal Challengers Bangalore VS Chennai Super Kings,20:00,14:30 GMT,2018-04-25,19,Royal Challengers Bangalore,13,Chennai Super Kings,RCB,CSK,70,M. Chinnaswamy Stadium,Chennai Super Kings won by 5 wickets,Chennai Super Kings,,,0,197/0 (20.0 Ov),196/0 (19.5 Ov),7917,2018-04-25 20:00:00,Bengaluru,,,,,,,,168,206,200,0,19,Royal Challengers Bangalore,13,Chennai Super Kings,Asia/Kolkata,25 Apr 2018,23:00,T20,24,Narendra Dave,Goaland Greaves,Eric Young,Chennai Super Kings won by 5 wickets,https://livescores-bccitv.epicon.in/ipl/teamlogos/ipl-rcb.png,https://livescores-bccitv.epicon.in/ipl/teamlogos/ipl-csk.png,https://livescores-bccitv.epicon.in/ipl/teamlogos/ipl-rcb.png,https://livescores-bccitv.epicon.in/ipl/teamlogos/ipl-csk.png,0,+9.5,,,0,0,0,0,0.00,,,,0,0,0,0,0.00,,,,0,0,0,0,0.00,0.00,,,,,2,205/8 (20 Overs),205,8,20,10.25,207/5 (19.4 Overs),207,5,19.4,10.52,,,,,,,,,,,,,,,,,24th  T20I,,,24
10010,10665,2,T20,Post,2018-04-24,24 Apr 2018,Mumbai Indians VS Sunrisers Hyderabad,20:00,14:30 GMT,2018-04-24,20,Sunrisers Hyderabad,17,Mumbai Indians,SRH,MI,21,Wankhede Stadium,Sunrisers Hyderabad won by 31 runs,Sunrisers Hyderabad,,,0,106/0 (18.4 Ov),85/0 (18.5 Ov),7916,2018-04-24 20:00:00,Mumbai,,,,,,,,170,127,171,0,17,Mumbai Indians,20,Sunrisers Hyderabad,Asia/Kolkata,24 Apr 2018,23:00,T20,23,GJ Davidson,Ashraf Din,Tanvir Ahmed,Sunrisers Hyderabad won by 31 runs,https://livescores-bccitv.epicon.in/ipl/teamlogos/ipl-srh.png,https://livescores-bccitv.epicon.in/ipl/teamlogos/ipl-mi.png,https://livescores-bccitv.epicon.in/ipl/teamlogos/ipl-mi.png,https://livescores-bccitv.epicon.in/ipl/teamlogos/ipl-srh.png,0,+9.5,,,0,0,0,0,0.00,,,,0,0,0,0,0.00,,,,0,0,0,0,0.00,0.00,,,,,2,118/10 (18.4 Overs),118,10,18.4,6.32,87/10 (18.5 Overs),87,10,18.5,4.61,,,,,,,,,,,,,,,,,23rd  T20I,,,23
10010,10664,2,T20,Post,2018-04-23,23 Apr 2018,Delhi Daredevils VS Punjab Kings,20:00,14:30 GMT,2018-04-23,15,Punjab Kings,14,Delhi Daredevils,PBKS,DD,17,Arun Jaitley Stadium,Punjab Kings won by 4 runs,Punjab Kings,,,0,129/0 (20.0 Ov),130/0 (20.0 Ov),7915,2018-04-23 20:00:00,Delhi,,,,,,,,184,185,205,0,14,Delhi Daredevils,15,Punjab Kings,Asia/Kolkata,23 Apr 2018,23:00,T20,22,Allahudien Paleker,Prem Mishra,Johanes Cloete,Punjab Kings won by 4 runs,https://livescores-bccitv.epicon.in/ipl/teamlogos/pk.png,https://scores.iplt20.com/ipl/teamlogos/DD.png,https://scores.iplt20.com/ipl/teamlogos/DD.png,https://livescores-bccitv.epicon.in/ipl/teamlogos/pk.png,0,+9.5,,,0,0,0,0,0.00,,,,0,0,0,0,0.00,,,,0,0,0,0,0.00,0.00,,,,,2,143/8 (20 Overs),143,8,20,7.15,139/8 (20 Overs),139,8,20,6.95,,,,,,,,,,,,,,,,,22nd  T20I,,,22
10010,10663,2,T20,Post,2018-04-22,22 Apr 2018,Rajasthan Royals VS Mumbai Indians,20:00,14:30 GMT,2018-04-22,17,Mumbai Indians,18,Rajasthan Royals,MI,RR,20,Sawai Mansingh Stadium,Rajasthan Royals won by 3 wickets,Mumbai Indians,,,0,162/0 (20.1 Ov),162/0 (20.0 Ov),7914,2018-04-22 20:00:00,Jaipur,,,,,,,,134,203,204,0,18,Rajasthan Royals,17,Mumbai Indians,Asia/Kolkata,22 Apr 2018,23:00,T20,21,David Jukes,Anisur Rahman,David Millns,Rajasthan Royals won by 3 wickets,https://livescores-bccitv.epicon.in/ipl/teamlogos/ipl-mi.png,https://livescores-bccitv.epicon.in/ipl/teamlogos/ipl-rr.png,https://livescores-bccitv.epicon.in/ipl/teamlogos/ipl-rr.png,https://livescores-bccitv.epicon.in/ipl/teamlogos/ipl-mi.png,0,+9.5,,,0,0,0,0,0.00,,,,0,0,0,0,0.00,,,,0,0,0,0,0.00,0.00,,,,,2,167/7 (20 Overs),167,7,20,8.35,168/7 (19.4 Overs),168,7,19.4,8.54,,,,,,,,,,,,,,,,,21st T20I,,,21
10010,10662,2,T20,Post,2018-04-22,22 Apr 2018,Sunrisers Hyderabad VS Chennai Super Kings,16:00,10:30 GMT,2018-04-22,13,Chennai Super Kings,20,Sunrisers Hyderabad,CSK,SRH,72,Rajiv Gandhi Intl. Cricket Stadium,Chennai Super Kings won by 4 runs,Chennai Super Kings,,,0,178/0 (20.0 Ov),176/0 (20.0 Ov),7913,2018-04-22 16:00:00,Hyderabad,,,,,,,,122,130,176,0,20,Sunrisers Hyderabad,13,Chennai Super Kings,Asia/Kolkata,22 Apr 2018,23:00,T20,20,Mark Eggleston,Keith Coburn,Sunil Chaturvedi,Chennai Super Kings won by 4 runs,https://livescores-bccitv.epicon.in/ipl/teamlogos/ipl-csk.png,https://livescores-bccitv.epicon.in/ipl/teamlogos/ipl-srh.png,https://livescores-bccitv.epicon.in/ipl/teamlogos/ipl-srh.png,https://livescores-bccitv.epicon.in/ipl/teamlogos/ipl-csk.png,0,+9.5,,,0,0,0,0,0.00,,,,0,0,0,0,0.00,,,,0,0,0,0,0.00,0.00,,,,,2,182/3 (20 Overs),182,3,20,9.10,178/6 (20 Overs),178,6,20,8.90,,,,,,,,,,,,,,,,,20th  T20I,,,20
10010,10661,2,T20,Post,2018-04-21,21 Apr 2018,Royal Challengers Bangalore VS Delhi Daredevils,20:00,14:30 GMT,2018-04-21,14,Delhi Daredevils,19,Royal Challengers Bangalore,DD,RCB,70,M. Chinnaswamy Stadium,Royal Challengers Bangalore won by 6 wickets,Delhi Daredevils,,,0,162/0 (20.0 Ov),172/0 (18.0 Ov),7912,2018-04-21 20:00:00,Bengaluru,,,,,,,,183,184,180,0,19,Royal Challengers Bangalore,14,Delhi Daredevils,Asia/Kolkata,21 Apr 2018,23:00,T20,19,Jeff Evans,Allahudien Paleker,Sanjay Hazare,Royal Challengers Bangalore won by 6 wickets,https://scores.iplt20.com/ipl/teamlogos/DD.png,https://livescores-bccitv.epicon.in/ipl/teamlogos/ipl-rcb.png,https://livescores-bccitv.epicon.in/ipl/teamlogos/ipl-rcb.png,https://scores.iplt20.com/ipl/teamlogos/DD.png,0,+9.5,,,0,0,0,0,0.00,,,,0,0,0,0,0.00,,,,0,0,0,0,0.00,0.00,,,,,2,174/5 (20 Overs),174,5,20,8.70,176/4 (18 Overs),176,4,18,9.77,,,,,,,,,,,,,,,,,19th  T20I,,,19
10010,10660,2,T20,Post,2018-04-21,21 Apr 2018,Kolkata Knight Riders VS Punjab Kings,16:00,10:30 GMT,2018-04-21,16,Kolkata Knight Riders,15,Punjab Kings,KKR,PBKS,19,Eden Gardens,Kings XI Punjab won by 9 wickets (DLS Method),Punjab Kings,,,0,182/0 (20.1 Ov),124/0 (11.1 Ov),7911,2018-04-21 16:00:00,Kolkata,,,,,,,,170,201,171,0,16,Kolkata Knight Riders,15,Punjab Kings,Asia/Kolkata,21 Apr 2018,23:00,T20,18,GJ Davidson,Bart Hartong,Tanvir Ahmed,Kings XI Punjab won by 9 wickets (DLS Method),https://livescores-bccitv.epicon.in/ipl/teamlogos/ipl-kkr.png,https://livescores-bccitv.epicon.in/ipl/teamlogos/pk.png,https://livescores-bccitv.epicon.in/ipl/teamlogos/ipl-kkr.png,https://livescores-bccitv.epicon.in/ipl/teamlogos/pk.png,0,+9.5,,,0,0,0,0,0.00,,,,0,0,0,0,0.00,,,,0,0,0,0,0.00,0.00,,,,,2,191/7 (20 Overs),191,7,20,9.55,126/1 (11.1 Overs),126,1,11.1,11.28,,,,,,,,,,,,,,,,,18th  T20I,,,18
10010,10659,2,T20,Post,2018-04-20,20 Apr 2018,Chennai Super Kings VS Rajasthan Royals,20:00,14:30 GMT,2018-04-20,13,Chennai Super Kings,18,Rajasthan Royals,CSK,RR,0,,Chennai Super Kings won by 64 runs,Rajasthan Royals,,,0,198/0 (20.1 Ov),132/0 (18.3 Ov),7910,2018-04-20 20:00:00,Pune,,,,,,,,163,203,200,0,13,Chennai Super Kings,18,Rajasthan Royals,Asia/Kolkata,20 Apr 2018,23:00,T20,17,Sagara Gallage,Anisur Rahman,Eric Young,Chennai Super Kings won by 64 runs,https://livescores-bccitv.epicon.in/ipl/teamlogos/ipl-csk.png,https://livescores-bccitv.epicon.in/ipl/teamlogos/ipl-rr.png,https://livescores-bccitv.epicon.in/ipl/teamlogos/ipl-csk.png,https://livescores-bccitv.epicon.in/ipl/teamlogos/ipl-rr.png,0,+9.5,,,0,0,0,0,0.00,,,,0,0,0,0,0.00,,,,0,0,0,0,0.00,0.00,,,,,2,204/5 (20 Overs),204,5,20,10.20,140/10 (18.3 Overs),140,10,18.3,7.56,,,,,,,,,,,,,,,,,17th  T20I,,,17
10010,10658,2,T20,Post,2018-04-19,19 Apr 2018,Punjab Kings VS Sunrisers Hyderabad,20:00,14:30 GMT,2018-04-19,15,Punjab Kings,20,Sunrisers Hyderabad,PBKS,SRH,71,IS Bindra Stadium,Punjab Kings won by 15 runs,Sunrisers Hyderabad,,,0,185/0 (20.0 Ov),165/0 (20.1 Ov),7909,2018-04-19 20:00:00,Mohali,,,,,,,,168,122,176,0,15,Punjab Kings,20,Sunrisers Hyderabad,Asia/Kolkata,19 Apr 2018,23:00,T20,16,Narendra Dave,Mark Eggleston,Sunil Chaturvedi,Punjab Kings won by 15 runs,https://livescores-bccitv.epicon.in/ipl/teamlogos/pk.png,https://livescores-bccitv.epicon.in/ipl/teamlogos/ipl-srh.png,https://livescores-bccitv.epicon.in/ipl/teamlogos/pk.png,https://livescores-bccitv.epicon.in/ipl/teamlogos/ipl-srh.png,0,+9.5,,,0,0,0,0,0.00,,,,0,0,0,0,0.00,,,,0,0,0,0,0.00,0.00,,,,,2,193/3 (20 Overs),193,3,20,9.65,178/4 (20 Overs),178,4,20,8.90,,,,,,,,,,,,,,,,,16th  T20I,,,16
10010,10657,2,T20,Post,2018-04-18,18 Apr 2018,Rajasthan Royals VS Kolkata Knight Riders,20:00,14:30 GMT,2018-04-18,18,Rajasthan Royals,16,Kolkata Knight Riders,RR,KKR,20,Sawai Mansingh Stadium,Kolkata Knight Riders won by 7 wickets,Kolkata Knight Riders,,,0,155/0 (20.1 Ov),160/0 (18.5 Ov),7908,2018-04-18 20:00:00,Jaipur,,,,,,,,127,201,171,0,18,Rajasthan Royals,16,Kolkata Knight Riders,Asia/Kolkata,18 Apr 2018,23:00,T20,15,Ashraf Din,Bart Hartong,Tanvir Ahmed,Kolkata Knight Riders won by 7 wickets,https://livescores-bccitv.epicon.in/ipl/teamlogos/ipl-rr.png,https://livescores-bccitv.epicon.in/ipl/teamlogos/ipl-kkr.png,https://livescores-bccitv.epicon.in/ipl/teamlogos/ipl-rr.png,https://livescores-bccitv.epicon.in/ipl/teamlogos/ipl-kkr.png,0,+9.5,,,0,0,0,0,0.00,,,,0,0,0,0,0.00,,,,0,0,0,0,0.00,0.00,,,,,2,160/8 (20 Overs),160,8,20,8.00,163/3 (18.5 Overs),163,3,18.5,8.65,,,,,,,,,,,,,,,,,15th  T20I,,,15
10010,10656,2,T20,Post,2018-04-17,17 Apr 2018,Mumbai Indians VS Royal Challengers Bangalore,20:00,14:30 GMT,2018-04-17,17,Mumbai Indians,19,Royal Challengers Bangalore,MI,RCB,21,Wankhede Stadium,Mumbai Indians won by 46 runs,Royal Challengers Bangalore,,,0,196/0 (20.0 Ov),160/0 (20.1 Ov),7907,2018-04-17 20:00:00,Mumbai,,,,,,,,134,163,200,0,17,Mumbai Indians,19,Royal Challengers Bangalore,Asia/Kolkata,17 Apr 2018,23:00,T20,14,David Jukes,Sagara Gallage,Eric Young,Mumbai Indians won by 46 runs,https://livescores-bccitv.epicon.in/ipl/teamlogos/ipl-mi.png,https://livescores-bccitv.epicon.in/ipl/teamlogos/ipl-rcb.png,https://livescores-bccitv.epicon.in/ipl/teamlogos/ipl-mi.png,https://livescores-bccitv.epicon.in/ipl/teamlogos/ipl-rcb.png,0,+9.5,,,0,0,0,0,0.00,,,,0,0,0,0,0.00,,,,0,0,0,0,0.00,0.00,,,,,2,213/6 (20 Overs),213,6,20,10.65,167/8 (20 Overs),167,8,20,8.35,,,,,,,,,,,,,,,,,14th  T20I,,,14
10010,10655,2,T20,Post,2018-04-16,16 Apr 2018,Kolkata Knight Riders VS Delhi Daredevils,20:00,14:30 GMT,2018-04-16,16,Kolkata Knight Riders,14,Delhi Daredevils,KKR,DD,19,Eden Gardens,Kolkata Knight Riders won by 71 runs,Delhi Daredevils,,,0,194/0 (20.0 Ov),121/0 (14.2 Ov),7906,2018-04-16 20:00:00,Kolkata,,,,,,,,122,185,180,0,16,Kolkata Knight Riders,14,Delhi Daredevils,Asia/Kolkata,16 Apr 2018,23:00,T20,13,Mark Eggleston,Prem Mishra,Sanjay Hazare,Kolkata Knight Riders won by 71 runs,https://livescores-bccitv.epicon.in/ipl/teamlogos/ipl-kkr.png,https://scores.iplt20.com/ipl/teamlogos/DD.png,https://livescores-bccitv.epicon.in/ipl/teamlogos/ipl-kkr.png,https://scores.iplt20.com/ipl/teamlogos/DD.png,0,+9.5,,,0,0,0,0,0.00,,,,0,0,0,0,0.00,,,,0,0,0,0,0.00,0.00,,,,,2,200/9 (20 Overs),200,9,20,10.00,129/10 (14.2 Overs),129,10,14.2,9.00,,,,,,,,,,,,,,,,,13th  T20I,,,13
10010,10654,2,T20,Post,2018-04-15,15 Apr 2018,Punjab Kings VS Chennai Super Kings,20:00,14:30 GMT,2018-04-15,15,Punjab Kings,13,Chennai Super Kings,PBKS,CSK,71,IS Bindra Stadium,Punjab Kings won by 4 runs,Chennai Super Kings,,,0,196/0 (20.0 Ov),180/0 (20.0 Ov),7905,2018-04-15 20:00:00,Mohali,,,,,,,,130,184,176,0,15,Punjab Kings,13,Chennai Super Kings,Asia/Kolkata,15 Apr 2018,23:00,T20,12,Keith Coburn,Allahudien Paleker,Sunil Chaturvedi,Punjab Kings won by 4 runs,https://livescores-bccitv.epicon.in/ipl/teamlogos/pk.png,https://livescores-bccitv.epicon.in/ipl/teamlogos/ipl-csk.png,https://livescores-bccitv.epicon.in/ipl/teamlogos/pk.png,https://livescores-bccitv.epicon.in/ipl/teamlogos/ipl-csk.png,0,+9.5,,,0,0,0,0,0.00,,,,0,0,0,0,0.00,,,,0,0,0,0,0.00,0.00,,,,,2,197/7 (20 Overs),197,7,20,9.85,193/5 (20 Overs),193,5,20,9.65,,,,,,,,,,,,,,,,,12th  T20I,,,12
10010,10653,2,T20,Post,2018-04-15,15 Apr 2018,Royal Challengers Bangalore VS Rajasthan Royals,16:00,10:30 GMT,2018-04-15,18,Rajasthan Royals,19,Royal Challengers Bangalore,RR,RCB,70,M. Chinnaswamy Stadium,Rajasthan Royals won by 19 runs,Rajasthan Royals,,,0,203/0 (20.2 Ov),109/0 (11.5 Ov),7904,2018-04-15 16:00:00,Bengaluru,,,,,,,,170,127,171,0,19,Royal Challengers Bangalore,18,Rajasthan Royals,Asia/Kolkata,15 Apr 2018,23:00,T20,11,GJ Davidson,Ashraf Din,Tanvir Ahmed,Rajasthan Royals won by 19 runs,https://livescores-bccitv.epicon.in/ipl/teamlogos/ipl-rr.png,https://livescores-bccitv.epicon.in/ipl/teamlogos/ipl-rcb.png,https://livescores-bccitv.epicon.in/ipl/teamlogos/ipl-rcb.png,https://livescores-bccitv.epicon.in/ipl/teamlogos/ipl-rr.png,0,+9.5,,,0,0,0,0,0.00,,,,0,0,0,0,0.00,,,,0,0,0,0,0.00,0.00,,,,,2,217/4 (20 Overs),217,4,20,10.85,198/6 (20 Overs),198,6,20,9.90,,,,,,,,,,,,,,,,,11th  T20I,,,11
10010,10652,2,T20,Post,2018-04-14,14 Apr 2018,Kolkata Knight Riders VS Sunrisers Hyderabad,20:00,14:30 GMT,2018-04-14,16,Kolkata Knight Riders,20,Sunrisers Hyderabad,KKR,SRH,19,Eden Gardens,Sunrisers Hyderabad won by 5 wickets,Sunrisers Hyderabad,,,0,131/0 (20.2 Ov),134/0 (19.0 Ov),7903,2018-04-14 20:00:00,Kolkata,,,,,,,,185,122,180,0,16,Kolkata Knight Riders,20,Sunrisers Hyderabad,Asia/Kolkata,14 Apr 2018,23:00,T20,10,Prem Mishra,Mark Eggleston,Sanjay Hazare,Sunrisers Hyderabad won by 5 wickets,https://livescores-bccitv.epicon.in/ipl/teamlogos/ipl-kkr.png,https://livescores-bccitv.epicon.in/ipl/teamlogos/ipl-srh.png,https://livescores-bccitv.epicon.in/ipl/teamlogos/ipl-kkr.png,https://livescores-bccitv.epicon.in/ipl/teamlogos/ipl-srh.png,0,+9.5,,,0,0,0,0,0.00,,,,0,0,0,0,0.00,,,,0,0,0,0,0.00,0.00,,,,,2,138/8 (20 Overs),138,8,20,6.90,139/5 (19 Overs),139,5,19,7.31,,,,,,,,,,,,,,,,,10th  T20I,,,10
10010,10651,2,T20,Post,2018-04-14,14 Apr 2018,Mumbai Indians VS Delhi Daredevils,16:00,10:30 GMT,2018-04-14,17,Mumbai Indians,14,Delhi Daredevils,MI,DD,21,Wankhede Stadium,Delhi Daredevils won by 7 wickets,Delhi Daredevils,,,0,184/0 (20.0 Ov),193/0 (20.0 Ov),7902,2018-04-14 16:00:00,Mumbai,,,,,,,,203,163,200,0,17,Mumbai Indians,14,Delhi Daredevils,Asia/Kolkata,14 Apr 2018,23:00,T20,9,Anisur Rahman,Sagara Gallage,Eric Young,Delhi Daredevils won by 7 wickets,https://livescores-bccitv.epicon.in/ipl/teamlogos/ipl-mi.png,https://scores.iplt20.com/ipl/teamlogos/DD.png,https://livescores-bccitv.epicon.in/ipl/teamlogos/ipl-mi.png,https://scores.iplt20.com/ipl/teamlogos/DD.png,0,+9.5,,,0,0,0,0,0.00,,,,0,0,0,0,0.00,,,,0,0,0,0,0.00,0.00,,,,,2,194/7 (20 Overs),194,7,20,9.70,195/3 (20 Overs),195,3,20,9.75,,,,,,,,,,,,,,,,,9th  T20I,,,9
10010,10650,2,T20,Post,2018-04-13,13 Apr 2018,Royal Challengers Bangalore VS Punjab Kings,20:00,14:30 GMT,2018-04-13,15,Punjab Kings,19,Royal Challengers Bangalore,PBKS,RCB,70,M. Chinnaswamy Stadium,Royal Challengers Bangalore won by 4 wickets,Punjab Kings,,,0,149/0 (19.2 Ov),155/0 (19.3 Ov),7901,2018-04-13 20:00:00,Bengaluru,,,,,,,,127,201,171,0,19,Royal Challengers Bangalore,15,Punjab Kings,Asia/Kolkata,13 Apr 2018,23:00,T20,8,Ashraf Din,Bart Hartong,Tanvir Ahmed,Royal Challengers Bangalore won by 4 wickets,https://livescores-bccitv.epicon.in/ipl/teamlogos/pk.png,https://livescores-bccitv.epicon.in/ipl/teamlogos/ipl-rcb.png,https://livescores-bccitv.epicon.in/ipl/teamlogos/ipl-rcb.png,https://livescores-bccitv.epicon.in/ipl/teamlogos/pk.png,0,+9.5,,,0,0,0,0,0.00,,,,0,0,0,0,0.00,,,,0,0,0,0,0.00,0.00,,,,,2,155/10 (19.2 Overs),155,10,19.2,8.01,159/6 (19.3 Overs),159,6,19.3,8.15,,,,,,,,,,,,,,,,,8th  T20I,,,8
10010,10649,2,T20,Post,2018-04-12,12 Apr 2018,Sunrisers Hyderabad VS Mumbai Indians,20:00,14:30 GMT,2018-04-12,17,Mumbai Indians,20,Sunrisers Hyderabad,MI,SRH,72,Rajiv Gandhi Intl. Cricket Stadium,Sunrisers Hyderabad won by 1 wicket,Mumbai Indians,,,0,139/0 (20.1 Ov),147/0 (20.0 Ov),7900,2018-04-12 20:00:00,Hyderabad,,,,,,,,184,168,176,0,20,Sunrisers Hyderabad,17,Mumbai Indians,Asia/Kolkata,12 Apr 2018,23:00,T20,7,Allahudien Paleker,Narendra Dave,Sunil Chaturvedi,Sunrisers Hyderabad won by 1 wicket,https://livescores-bccitv.epicon.in/ipl/teamlogos/ipl-mi.png,https://livescores-bccitv.epicon.in/ipl/teamlogos/ipl-srh.png,https://livescores-bccitv.epicon.in/ipl/teamlogos/ipl-srh.png,https://livescores-bccitv.epicon.in/ipl/teamlogos/ipl-mi.png,0,+9.5,,,0,0,0,0,0.00,,,,0,0,0,0,0.00,,,,0,0,0,0,0.00,0.00,,,,,2,147/8 (20 Overs),147,8,20,7.35,151/9 (20 Overs),151,9,20,7.55,,,,,,,,,,,,,,,,,7th  T20I,,,7
10010,10648,2,T20,Post,2018-04-11,11 Apr 2018,Rajasthan Royals VS Delhi Daredevils,20:00,14:30 GMT,2018-04-11,18,Rajasthan Royals,14,Delhi Daredevils,RR,DD,20,Sawai Mansingh Stadium,Rajasthan Royals won by 10 runs (DLS Method),Delhi Daredevils,,,0,150/0 (17.5 Ov),57/0 (6.0 Ov),7899,2018-04-11 20:00:00,Jaipur,,,,,,,,203,134,200,0,18,Rajasthan Royals,14,Delhi Daredevils,Asia/Kolkata,11 Apr 2018,23:00,T20,6,Anisur Rahman,David Jukes,Eric Young,Rajasthan Royals won by 10 runs (DLS Method),https://livescores-bccitv.epicon.in/ipl/teamlogos/ipl-rr.png,https://scores.iplt20.com/ipl/teamlogos/DD.png,https://livescores-bccitv.epicon.in/ipl/teamlogos/ipl-rr.png,https://scores.iplt20.com/ipl/teamlogos/DD.png,0,+9.5,,,0,0,0,0,0.00,,,,0,0,0,0,0.00,,,,0,0,0,0,0.00,0.00,,,,,2,153/5 (17.5 Overs),153,5,17.5,8.57,60/4 (6 Overs),60,4,6,10.00,,,,,,,,,,,,,,,,,6th  T20I,,,6
10010,10647,2,T20,Post,2018-04-10,10 Apr 2018,Chennai Super Kings VS Kolkata Knight Riders,20:00,14:30 GMT,2018-04-10,16,Kolkata Knight Riders,13,Chennai Super Kings,KKR,CSK,73,M. A. Chidambaram Stadium,Chennai Super Kings won by 5 wickets,Kolkata Knight Riders,,,0,197/0 (20.0 Ov),198/0 (20.0 Ov),7898,2018-04-10 20:00:00,Chennai,,,,,,,,122,183,180,0,13,Chennai Super Kings,16,Kolkata Knight Riders,Asia/Kolkata,10 Apr 2018,23:00,T20,5,Mark Eggleston,Jeff Evans,Sanjay Hazare,Chennai Super Kings won by 5 wickets,https://livescores-bccitv.epicon.in/ipl/teamlogos/ipl-kkr.png,https://livescores-bccitv.epicon.in/ipl/teamlogos/ipl-csk.png,https://livescores-bccitv.epicon.in/ipl/teamlogos/ipl-csk.png,https://livescores-bccitv.epicon.in/ipl/teamlogos/ipl-kkr.png,0,+9.5,,,0,0,0,0,0.00,,,,0,0,0,0,0.00,,,,0,0,0,0,0.00,0.00,,,,,2,202/6 (20 Overs),202,6,20,10.10,205/5 (19.5 Overs),205,5,19.5,10.33,,,,,,,,,,,,,,,,,5th  T20I,,,5
10010,10646,2,T20,Post,2018-04-09,9 Apr 2018,Sunrisers Hyderabad VS Rajasthan Royals,20:00,14:30 GMT,2018-04-09,18,Rajasthan Royals,20,Sunrisers Hyderabad,RR,SRH,72,Rajiv Gandhi Intl. Cricket Stadium,Sunrisers Hyderabad won by 9 wickets,Rajasthan Royals,,,0,117/0 (20.0 Ov),119/0 (16.1 Ov),7897,2018-04-09 20:00:00,Hyderabad,,,,,,,,168,130,176,0,20,Sunrisers Hyderabad,18,Rajasthan Royals,Asia/Kolkata,9 Apr 2018,23:00,T20,4,Narendra Dave,Keith Coburn,Sunil Chaturvedi,Sunrisers Hyderabad won by 9 wickets,https://livescores-bccitv.epicon.in/ipl/teamlogos/ipl-rr.png,https://livescores-bccitv.epicon.in/ipl/teamlogos/ipl-srh.png,https://livescores-bccitv.epicon.in/ipl/teamlogos/ipl-srh.png,https://livescores-bccitv.epicon.in/ipl/teamlogos/ipl-rr.png,0,+9.5,,,0,0,0,0,0.00,,,,0,0,0,0,0.00,,,,0,0,0,0,0.00,0.00,,,,,2,125/9 (20 Overs),125,9,20,6.25,127/1 (15.5 Overs),127,1,15.5,8.02,,,,,,,,,,,,,,,,,4th  T20I,,,4
10010,10645,2,T20,Post,2018-04-08,8 Apr 2018,Kolkata Knight Riders VS Royal Challengers Bangalore,20:00,14:30 GMT,2018-04-08,19,Royal Challengers Bangalore,16,Kolkata Knight Riders,RCB,KKR,19,Eden Gardens,Kolkata Knight Riders won by 4 wickets,Royal Challengers Bangalore,,,0,170/0 (20.0 Ov),164/0 (18.5 Ov),7896,2018-04-08 20:00:00,Kolkata,,,,,,,,170,201,171,0,16,Kolkata Knight Riders,19,Royal Challengers Bangalore,Asia/Kolkata,8 Apr 2018,23:00,T20,3,GJ Davidson,Bart Hartong,Tanvir Ahmed,Kolkata Knight Riders won by 4 wickets,https://livescores-bccitv.epicon.in/ipl/teamlogos/ipl-rcb.png,https://livescores-bccitv.epicon.in/ipl/teamlogos/ipl-kkr.png,https://livescores-bccitv.epicon.in/ipl/teamlogos/ipl-kkr.png,https://livescores-bccitv.epicon.in/ipl/teamlogos/ipl-rcb.png,0,+9.5,,,0,0,0,0,0.00,,,,0,0,0,0,0.00,,,,0,0,0,0,0.00,0.00,,,,,2,176/7 (20 Overs),176,7,20,8.80,177/6 (18.5 Overs),177,6,18.5,9.39,,,,,,,,,,,,,,,,,3rd  T20I,,,3
10010,10644,2,T20,Post,2018-04-08,8 Apr 2018,Punjab Kings VS Delhi Daredevils,16:00,10:30 GMT,2018-04-08,14,Delhi Daredevils,15,Punjab Kings,DD,PBKS,71,IS Bindra Stadium,Punjab Kings won by 6 wickets,Delhi Daredevils,,,0,160/0 (20.1 Ov),166/0 (19.0 Ov),7895,2018-04-08 16:00:00,Mohali,,,,,,,,134,203,200,0,15,Punjab Kings,14,Delhi Daredevils,Asia/Kolkata,8 Apr 2018,23:00,T20,2,David Jukes,Anisur Rahman,Eric Young,Punjab Kings won by 6 wickets,https://scores.iplt20.com/ipl/teamlogos/DD.png,https://livescores-bccitv.epicon.in/ipl/teamlogos/pk.png,https://livescores-bccitv.epicon.in/ipl/teamlogos/pk.png,https://scores.iplt20.com/ipl/teamlogos/DD.png,0,+9.5,,,0,0,0,0,0.00,,,,0,0,0,0,0.00,,,,0,0,0,0,0.00,0.00,,,,,2,166/7 (20 Overs),166,7,20,8.30,167/4 (18.5 Overs),167,4,18.5,8.86,,,,,,,,,,,,,,,,,2nd  T20I,,,2
10010,10643,2,T20,Post,2018-04-07,7 Apr 2018,Mumbai Indians VS Chennai Super Kings,20:00,14:30 GMT,2018-04-07,17,Mumbai Indians,13,Chennai Super Kings,MI,CSK,21,Wankhede Stadium,Chennai Super Kings won by 1 wicket,Chennai Super Kings,,,0,161/0 (20.0 Ov),162/0 (20.0 Ov),7894,2018-04-07 20:00:00,Mumbai,,,,,,,,183,185,180,0,17,Mumbai Indians,13,Chennai Super Kings,Asia/Kolkata,7 Apr 2018,23:00,T20,1,Jeff Evans,Prem Mishra,Sanjay Hazare,Chennai Super Kings won by 1 wicket,https://livescores-bccitv.epicon.in/ipl/teamlogos/ipl-mi.png,https://livescores-bccitv.epicon.in/ipl/teamlogos/ipl-csk.png,https://livescores-bccitv.epicon.in/ipl/teamlogos/ipl-mi.png,https://livescores-bccitv.epicon.in/ipl/teamlogos/ipl-csk.png,0,+9.5,,,0,0,0,0,0.00,,,,0,0,0,0,0.00,,,,0,0,0,0,0.00,0.00,,,,,2,165/4 (20 Overs),165,4,20,8.25,169/9 (19.5 Overs),169,9,19.5,8.52,,,,,,,,,,,,,,,,,1st T20I,,,1
